Yang Yilin,China,2008,Gymnastics,1,0,2,3
Leisel Jones,Australia,2000,Swimming,0,2,0,2
Go Gi-Hyeon,South Korea,2002,Short-Track Speed Skating,1,1,0,2
Chen Ruolin,China,2008,Diving,2,0,0,2
Katie Ledecky,United States,2012,Swimming,1,0,0,1
Ruta Meilutyte,Lithuania,2012,Swimming,1,0,0,1
Dániel Gyurta,Hungary,2004,Swimming,0,1,0,1
Arianna Fontana,Italy,2006,Short-Track Speed Skating,0,0,1,1
Olga Glatskikh,Russia,2004,Rhythmic Gymnastics,1,0,0,1
Kharikleia Pantazi,Greece,2000,Rhythmic Gymnastics,0,0,1,1
Kim Martin,Sweden,2002,Ice Hockey,0,0,1,1
Kyla Ross,United States,2012,Gymnastics,1,0,0,1
Gabriela Dragoi,Romania,2008,Gymnastics,0,0,1,1
Tasha Schwikert-Warren,United States,2000,Gymnastics,0,0,1,1
Yang Yun,China,2000,Gymnastics,0,0,1,1
Sophie Lamon,Switzerland,2000,Fencing,0,1,0,1
Alejandra Orozco,Mexico,2012,Diving,0,1,0,1
Yuliya Koltunova,Russia,2004,Diving,0,1,0,1
Shawn Johnson,United States,2008,Gymnastics,1,3,0,4
Carly Patterson,United States,2004,Gymnastics,1,2,0,3
Catalina Ponor,Romania,2004,Gymnastics,3,0,0,3
Ye Shiwen,China,2012,Swimming,2,0,0,2
Cate Campbell,Australia,2008,Swimming,0,0,2,2
Diana Mocanu,Romania,2000,Swimming,2,0,0,2
Megan Quann-Jendrick,United States,2000,Swimming,2,0,0,2
Gabby Douglas,United States,2012,Gymnastics,2,0,0,2
McKayla Maroney,United States,2012,Gymnastics,1,1,0,2
He Kexin,China,2008,Gymnastics,2,0,0,2
Anna Pavlova,Russia,2004,Gymnastics,0,0,2,2
Dana Sofronie,Romania,2004,Gymnastics,1,1,0,2
Andreea Raducan,Romania,2000,Gymnastics,1,1,0,2
Wang Xin,China,2008,Diving,1,0,1,2
Lao Lishi,China,2004,Diving,1,1,0,2
Li Na,China,2000,Diving,1,1,0,2
Guo Yue,China,2004,Table Tennis,0,0,1,1
Yolane Kukla,Australia,2012,Swimming,1,0,0,1
Dan Izotov,Russia,2008,Swimming,0,1,0,1
Emily Seebohm,Australia,2008,Swimming,1,0,0,1
Daniela Götz,Germany,2004,Swimming,0,0,1,1
Federica Pellegrini,Italy,2004,Swimming,0,1,0,1
Dana Vollmer,United States,2004,Swimming,1,0,0,1
Britta Steffen,Germany,2000,Swimming,0,0,1,1
Kirsten Thomson,Australia,2000,Swimming,0,1,0,1
Anastasiya Ivankova,Belarus,2008,Rhythmic Gymnastics,0,0,1,1
Elisa Blanchi,Italy,2004,Rhythmic Gymnastics,0,1,0,1
Elisa Santoni,Italy,2004,Rhythmic Gymnastics,0,1,0,1
Tatyana Ananko,Belarus,2000,Rhythmic Gymnastics,0,1,0,1
Maria Georgatou,Greece,2000,Rhythmic Gymnastics,0,0,1,1
Nataliya Lavrova,Russia,2000,Rhythmic Gymnastics,1,0,0,1
Mariya Lazuk,Belarus,2000,Rhythmic Gymnastics,0,1,0,1
Anna Polatou,Greece,2000,Rhythmic Gymnastics,0,0,1,1
Irina Zilber,Russia,2000,Rhythmic Gymnastics,1,0,0,1
Emma Eliasson,Sweden,2006,Ice Hockey,0,1,0,1
Pernilla Winberg,Sweden,2006,Ice Hockey,0,1,0,1
Lyndsay Wall,United States,2002,Ice Hockey,0,1,0,1
Diana Bulimar,Romania,2012,Gymnastics,0,0,1,1
Anastasiya Grishina,Russia,2012,Gymnastics,0,1,0,1
Larisa Iordache,Romania,2012,Gymnastics,0,0,1,1
Andreea Acatrinei,Romania,2008,Gymnastics,0,0,1,1
Deng Linlin,China,2008,Gymnastics,1,0,0,1
Jiang Yuyuan,China,2008,Gymnastics,1,0,0,1
Li Shanshan,China,2008,Gymnastics,1,0,0,1
Samantha Peszek,United States,2008,Gymnastics,0,1,0,1
Bridget Sloan,United States,2008,Gymnastics,0,1,0,1
Mariya Kryuchkova,Russia,2004,Gymnastics,0,0,1,1
Émilie Le Pennec,France,2004,Gymnastics,1,0,0,1
Courtney McCool,United States,2004,Gymnastics,0,1,0,1
Patricia Moreno,Spain,2004,Gymnastics,0,0,1,1
Loredana Boboc,Romania,2000,Gymnastics,1,0,0,1
Anna Chepeleva,Russia,2000,Gymnastics,0,1,0,1
Andreea Isarescu,Romania,2000,Gymnastics,1,0,0,1
Anastasiya Kolesnikova,Russia,2000,Gymnastics,0,1,0,1
Idriss Carlos Kameni,Cameroon,2000,Football,1,0,0,1
Sarah Hughes,United States,2002,Figure Skating,1,0,0,1
Brittany Broben,Australia,2012,Diving,0,1,0,1
Melissa Wu,Australia,2008,Diving,0,1,0,1
Nataliya Goncharova,Russia,2004,Diving,0,1,0,1
Sang Xue,China,2000,Diving,1,0,0,1
Missy Franklin,United States,2012,Swimming,4,0,1,5
Ian Thorpe,Australia,2000,Swimming,3,2,0,5
Aliya Mustafina,Russia,2012,Gymnastics,1,1,2,4
Laure Manaudou,France,2004,Swimming,1,1,1,3
Jin Seon-Yu,South Korea,2006,Short-Track Speed Skating,3,0,0,3
Yekaterina Lobaznyuk,Russia,2000,Gymnastics,0,2,1,3
Yelena Zamolodchikova,Russia,2000,Gymnastics,2,1,0,3
Giaan Rooney,Australia,2000,Swimming,0,2,0,2
Park Seung-Hui,South Korea,2010,Short-Track Speed Skating,0,0,2,2
Choi Eun-Gyeong,South Korea,2002,Short-Track Speed Skating,1,1,0,2
Viktoriya Komova,Russia,2012,Gymnastics,0,2,0,2
Mariya Paseka,Russia,2012,Gymnastics,0,1,1,2
Alexandra Eremia,Romania,2004,Gymnastics,1,0,1,2
Monica Rosu,Romania,2004,Gymnastics,2,0,0,2
Hu Jia,China,2000,Diving,0,2,0,2
Yun Mi-Jin,South Korea,2000,Archery,2,0,0,2
Long Qingquan,China,2008,Weightlifting,1,0,0,1
Zarema Kasayeva,Russia,2004,Weightlifting,0,0,1,1
Cheryl Haworth,United States,2000,Weightlifting,0,0,1,1
Zhang Xiangxiang,China,2000,Weightlifting,0,0,1,1
Buttree Puedpong,Thailand,2008,Taekwondo,0,1,0,1
Chen Zhong,China,2000,Taekwondo,1,0,0,1
Chi Shu-Ju,Chinese Taipei,2000,Taekwondo,0,0,1,1
Charlotte Bonnet,France,2012,Swimming,0,0,1,1
Kosuke Hagino,Japan,2012,Swimming,0,0,1,1
Hao Yun,China,2012,Swimming,0,0,1,1
Lia Neal,United States,2012,Swimming,0,0,1,1
Ranomi Kromowidjojo,Netherlands,2008,Swimming,1,0,0,1
Xu Tianlongzi,China,2008,Swimming,0,0,1,1
Zhao Jing,China,2008,Swimming,0,0,1,1
Zhu Qianwei,China,2008,Swimming,0,1,0,1
Rhi Jeffrey,United States,2004,Swimming,1,0,0,1
Jess Schipper,Australia,2004,Swimming,1,0,0,1
Chantal Groot,Netherlands,2000,Swimming,0,1,0,1
Aaron Peirsol,United States,2000,Swimming,0,1,0,1
Kaitlin Sandeno,United States,2000,Swimming,0,0,1,1
Gang Cho-Hyeon,South Korea,2000,Shooting,0,1,0,1
Kseniya Dudkina,Russia,2012,Rhythmic Gymnastics,1,0,0,1
Nataliya Leshchik,Belarus,2012,Rhythmic Gymnastics,0,1,0,1
Alina Makarenko,Russia,2012,Rhythmic Gymnastics,1,0,0,1
Aleksandra Narkevich,Belarus,2012,Rhythmic Gymnastics,0,1,0,1
Karolina Sevastyanova,Russia,2012,Rhythmic Gymnastics,1,0,0,1
Darya Shkurikhina,Russia,2008,Rhythmic Gymnastics,1,0,0,1
Zornitsa Marinova,Bulgaria,2004,Rhythmic Gymnastics,0,0,1,1
Galina Tancheva,Bulgaria,2004,Rhythmic Gymnastics,0,0,1,1
Vladislava Tancheva,Bulgaria,2004,Rhythmic Gymnastics,0,0,1,1
Eirini A?ndili,Greece,2000,Rhythmic Gymnastics,0,0,1,1
Tatyana Belan,Belarus,2000,Rhythmic Gymnastics,0,1,0,1
Alina Kabayeva,Russia,2000,Rhythmic Gymnastics,0,0,1,1
Zara Karyami,Greece,2000,Rhythmic Gymnastics,0,0,1,1
Eva Khristodoulou,Greece,2000,Rhythmic Gymnastics,0,0,1,1
Mariya Netesova,Russia,2000,Rhythmic Gymnastics,1,0,0,1
Olga Puzhevich,Belarus,2000,Rhythmic Gymnastics,0,1,0,1
Anssi Koivuranta,Finland,2006,Nordic Combined,0,0,1,1
Ilias Iliadis,Greece,2004,Judo,1,0,0,1
Jenni Asserholt,Sweden,2006,Ice Hockey,0,1,0,1
Danijela Rundqvist,Sweden,2002,Ice Hockey,0,0,1,1
Evelina Samuelsson,Sweden,2002,Ice Hockey,0,0,1,1
Jordyn Wieber,United States,2012,Gymnastics,1,0,0,1
Andreea Grigore,Romania,2008,Gymnastics,0,0,1,1
Ana Tamârjan,Romania,2008,Gymnastics,0,0,1,1
Ling Jie,China,2000,Gymnastics,0,1,0,1
Modeste M'Bami,Cameroon,2000,Football,1,0,0,1
Olha Kharlan,Ukraine,2008,Fencing,1,0,0,1
Cao Yuan,China,2012,Diving,1,0,0,1
Lin Yue,China,2008,Diving,1,0,0,1
Li Ting,China,2004,Diving,1,0,0,1
Claressa Shields,United States,2012,Boxing,1,0,0,1
Amir Khan,Great Britain,2004,Boxing,0,1,0,1
Atagün Yalçinkaya,Turkey,2004,Boxing,0,1,0,1
Ricky Rubio,Spain,2008,Basketball,0,1,0,1
Timothy Kitum,Kenya,2012,Athletics,0,0,1,1
Kamila Skolimowska,Poland,2000,Athletics,1,0,0,1
Tim Cuddihy,Australia,2004,Archery,0,0,1,1
Wang Cheng-Pang,Chinese Taipei,2004,Archery,0,1,0,1
Kateryna Serdiuk,Ukraine,2000,Archery,0,1,0,1
Nastia Liukin,United States,2008,Gymnastics,1,3,1,5
Brittany Elmslie,Australia,2012,Swimming,1,2,0,3
Leisel Jones,Australia,2004,Swimming,1,1,1,3
Yana Klochkova,Ukraine,2000,Swimming,2,1,0,3
Aly Raisman,United States,2012,Gymnastics,2,0,1,3
Park Tae-Hwan,South Korea,2008,Swimming,1,1,0,2
Kara Lynn Joyce,United States,2004,Swimming,0,2,0,2
Alice Mills,Australia,2004,Swimming,2,0,0,2
Amanda Weir,United States,2004,Swimming,0,2,0,2
Klete Keller,United States,2000,Swimming,0,1,1,2
Diana Munz,United States,2000,Swimming,1,1,0,2
Zhou Yang,China,2010,Short-Track Speed Skating,2,0,0,2
Sandra Izbasa,Romania,2008,Gymnastics,1,0,1,2
Terin Humphrey,United States,2004,Gymnastics,0,2,0,2
Courtney Kupets,United States,2004,Gymnastics,0,1,1,2
Maria Olaru,Romania,2000,Gymnastics,1,1,0,2
Becca Ward,United States,2008,Fencing,0,0,2,2
Wu Minxia,China,2004,Diving,1,1,0,2
Guo Jingjing,China,2000,Diving,0,2,0,2
Xu Li,China,2008,Wrestling,0,1,0,1
Wang Xu,China,2004,Wrestling,1,0,0,1
Valentin Xristov,Azerbaijan,2012,Weightlifting,0,0,1,1
Szymon Kolecki,Poland,2000,Weightlifting,0,1,0,1
Dušan Mandic,Serbia,2012,Waterpolo,0,0,1,1
Nancy Carrillo,Cuba,2004,Volleyball,0,0,1,1
Huang Shanshan,China,2004,Trampoline,0,0,1,1
Aleksey Denisenko,Russia,2012,Taekwondo,0,0,1,1
Hwang Gyeong-Seon,South Korea,2004,Taekwondo,0,0,1,1
Laura Robson,Great Britain,2012,Tennis,0,1,0,1
Yelena Dementyeva,Russia,2000,Tennis,0,1,0,1
Serena Williams,United States,2000,Tennis,1,0,0,1
Huang Xuechen,China,2008,Synchronized Swimming,0,0,1,1
Svetlana Romashina,Russia,2008,Synchronized Swimming,1,0,0,1
Yelena Soya,Russia,2000,Synchronized Swimming,1,0,0,1
Rachel Bootsma,United States,2012,Swimming,1,0,0,1
Li Xuanxu,China,2012,Swimming,0,0,1,1
Li Yunqi,China,2012,Swimming,0,0,1,1
Angie Bainbridge,Australia,2008,Swimming,1,0,0,1
Jiao Liuyang,China,2008,Swimming,0,1,0,1
Kylie Palmer,Australia,2008,Swimming,1,0,0,1
Allison Schmitt,United States,2008,Swimming,0,0,1,1
László Cseh Jr.,Hungary,2004,Swimming,0,0,1,1
Inge Dekker,Netherlands,2004,Swimming,0,0,1,1
Larsen Jensen,United States,2004,Swimming,0,1,0,1
Stanislava Komarova,Russia,2004,Swimming,0,1,0,1
Li Ji,China,2004,Swimming,0,1,0,1
Sam Arsenault,United States,2000,Swimming,1,0,0,1
Amanda Beard,United States,2000,Swimming,0,0,1,1
Ian Crocker,United States,2000,Swimming,1,0,0,1
Elka Graham,Australia,2000,Swimming,0,1,0,1
Julia Stowers,United States,2000,Swimming,1,0,0,1
Manon van Rooijen,Netherlands,2000,Swimming,0,1,0,1
Simon Cho,United States,2010,Short-Track Speed Skating,0,0,1,1
Lee Eun-Byeol,South Korea,2010,Short-Track Speed Skating,0,1,0,1
Byeon Cheon-Sa,South Korea,2006,Short-Track Speed Skating,1,0,0,1
Gang Yun-Mi,South Korea,2006,Short-Track Speed Skating,1,0,0,1
Guo Wei,China,2002,Short-Track Speed Skating,0,0,1,1
Ju Min-Jin,South Korea,2002,Short-Track Speed Skating,1,0,0,1
Li Ye,China,2002,Short-Track Speed Skating,0,0,1,1
Park Hye-Won,South Korea,2002,Short-Track Speed Skating,1,0,0,1
Amelie Kober,Germany,2006,Snowboarding,0,1,0,1
Kelly Clark,United States,2002,Snowboarding,1,0,0,1
Stephan Hocke,Germany,2002,Ski Jumping,1,0,0,1
Veli-Matti Lindström,Finland,2002,Ski Jumping,0,1,0,1
Anastasiya Bliznyuk,Russia,2012,Rhythmic Gymnastics,1,0,0,1
Andreea Stefanescu,Italy,2012,Rhythmic Gymnastics,0,0,1,1
Margarita Aliychuk,Russia,2008,Rhythmic Gymnastics,1,0,0,1
Cai Tongtong,China,2008,Rhythmic Gymnastics,0,1,0,1
Anna Gavrilenko,Russia,2008,Rhythmic Gymnastics,1,0,0,1
Tatyana Gorbunova,Russia,2008,Rhythmic Gymnastics,1,0,0,1
Yevgeniya Kanayeva,Russia,2008,Rhythmic Gymnastics,1,0,0,1
Kseniya Sankovich,Belarus,2008,Rhythmic Gymnastics,0,0,1,1
Alina Tumilovich,Belarus,2008,Rhythmic Gymnastics,0,0,1,1
Marinella Falca,Italy,2004,Rhythmic Gymnastics,0,1,0,1
Ele?nora Kezhova,Bulgaria,2004,Rhythmic Gymnastics,0,0,1,1
Tatyana Kurbakova,Russia,2004,Rhythmic Gymnastics,1,0,0,1
Yelena Posevina,Russia,2004,Rhythmic Gymnastics,1,0,0,1
Laura Vernizzi,Italy,2004,Rhythmic Gymnastics,0,1,0,1
Yuliya Raskina,Belarus,2000,Rhythmic Gymnastics,0,1,0,1
Yelena Shalamova,Russia,2000,Rhythmic Gymnastics,1,0,0,1
Johannes Rydzek,Germany,2010,Nordic Combined,0,0,1,1
Björn Kircheisen,Germany,2002,Nordic Combined,0,1,0,1
Idalys Ortíz,Cuba,2008,Judo,0,0,1,1
Tiago Camilo,Brazil,2000,Judo,0,1,0,1
Marie-Philip Poulin,Canada,2010,Ice Hockey,1,0,0,1
Meghan Agosta,Canada,2006,Ice Hockey,1,0,0,1
Sarah Parsons,United States,2006,Ice Hockey,0,0,1,1
Natalie Darwitz,United States,2002,Ice Hockey,0,1,0,1
Nanna Jansson,Sweden,2002,Ice Hockey,0,0,1,1
Ilya Kovalchuk,Russia,2002,Ice Hockey,0,0,1,1
Josefin Pettersson,Sweden,2002,Ice Hockey,0,0,1,1
Florencia Habif,Argentina,2012,Hockey,0,1,0,1
Lidewij Welten,Netherlands,2008,Hockey,1,0,0,1
Marina Vukcevic,Montenegro,2012,Handball,0,1,0,1
Diana Maria Chelaru,Romania,2012,Gymnastics,0,0,1,1
Ryohei Kato,Japan,2012,Gymnastics,0,1,0,1
Steliana Nistor,Romania,2008,Gymnastics,0,0,1,1
Oana Ban,Romania,2004,Gymnastics,1,0,0,1
Zhang Nan,China,2004,Gymnastics,0,0,1,1
Nataliya Ziganshina,Russia,2004,Gymnastics,0,0,1,1
Jamie Dantzscher,United States,2000,Gymnastics,0,0,1,1
Dmitry Drevin,Russia,2000,Gymnastics,0,0,1,1
Elise Ray,United States,2000,Gymnastics,0,0,1,1
Xing Aowei,China,2000,Gymnastics,1,0,0,1
Alexandre Pato,Brazil,2008,Football,0,0,1,1
Breno,Brazil,2008,Football,0,0,1,1
Francielle,Brazil,2008,Football,0,1,0,1
Kóki,Brazil,2004,Football,0,1,0,1
Marta,Brazil,2004,Football,0,1,0,1
Sylwia Gruchala,Poland,2000,Fencing,0,1,0,1
Tom Daley,Great Britain,2012,Diving,0,0,1,1
Iván García,Mexico,2012,Diving,0,1,0,1
Zhang Yanquan,China,2012,Diving,1,0,0,1
Huo Liang,China,2008,Diving,1,0,0,1
Yury Kunakov,Russia,2008,Diving,0,1,0,1
Aleksandr Dobroskok,Russia,2000,Diving,0,1,0,1
Emilie Heymans,Canada,2000,Diving,0,1,0,1
Laura Smulders,Netherlands,2012,Cycling,0,0,1,1
Jess Fox,Australia,2012,Canoeing,0,1,0,1
Ronald Rauhe,Germany,2000,Canoeing,0,0,1,1
Robeisy Ramírez,Cuba,2012,Boxing,1,0,0,1
Sergey Karasyov,Russia,2012,Basketball,0,0,1,1
Nijel Amos,Botswana,2012,Athletics,0,1,0,1
Pamela Jelimo,Kenya,2008,Athletics,1,0,0,1
Allyson Felix,United States,2004,Athletics,0,1,0,1
Saul Weigopwa,Nigeria,2004,Athletics,0,0,1,1
Veronica Campbell-Brown,Jamaica,2000,Athletics,0,1,0,1
Enefiok Udo-Obong,Nigeria,2000,Athletics,1,0,0,1
Mariana Avitia,Mexico,2012,Archery,0,0,1,1
Michael Phelps,United States,2004,Swimming,6,0,2,8
Katie Hoff,United States,2008,Swimming,0,1,2,3
Lee Ho-Seok,South Korea,2006,Short-Track Speed Skating,1,2,0,3
Elizabeth Beisel,United States,2012,Swimming,0,1,1,2
Becky Adlington,Great Britain,2008,Swimming,2,0,0,2
Libby Lenton-Trickett,Australia,2004,Swimming,1,0,1,2
Tomomi Morita,Japan,2004,Swimming,0,0,2,2
Anthony Ervin,United States,2000,Swimming,1,1,0,2
J. R. Celski,United States,2010,Short-Track Speed Skating,0,0,2,2
Marianne St-Gelais,Canada,2010,Short-Track Speed Skating,0,2,0,2
Apolo Anton Ohno,United States,2002,Short-Track Speed Skating,1,1,0,2
Sven Kramer,Netherlands,2006,Speed Skating,0,1,1,2
Ireen Wüst,Netherlands,2006,Speed Skating,1,0,1,2
Thomas Morgenstern,Austria,2006,Ski Jumping,2,0,0,2
Denis Ablyazin,Russia,2012,Gymnastics,0,1,1,2
Max Whitlock,Great Britain,2012,Gymnastics,0,0,2,2
Kohei Uchimura,Japan,2008,Gymnastics,0,2,0,2
Li Xiaopeng,China,2000,Gymnastics,2,0,0,2
Sun Yujie,China,2012,Fencing,1,0,1,2
Chen Ruolin,China,2012,Diving,2,0,0,2
Carolin Leonhardt,Germany,2004,Canoeing,1,1,0,2
Lee Seong-Jin,South Korea,2004,Archery,1,1,0,2
Togrul ?sg?rov,Azerbaijan,2012,Wrestling,1,0,0,1
Islam-Beka Albiyev,Russia,2008,Wrestling,1,0,0,1
Apti Aukhadov,Russia,2012,Weightlifting,0,1,0,1
Zulfiya Chinshanlo,Kazakhstan,2012,Weightlifting,1,0,0,1
Cristina Iovu,Moldova,2012,Weightlifting,0,0,1,1
Rim Jong-Sim,North Korea,2012,Weightlifting,1,0,0,1
Eko Irawan,Indonesia,2008,Weightlifting,0,0,1,1
Khadzhimurat Akkayev,Russia,2004,Weightlifting,0,1,0,1
Taner Sagir,Turkey,2004,Weightlifting,1,0,0,1
Nataliya Zabolotnaya,Russia,2004,Weightlifting,0,1,0,1
Raema Lisa Rumbewas,Indonesia,2000,Weightlifting,0,1,0,1
Agata Wróbel,Poland,2000,Weightlifting,0,1,0,1
Wu Wenxiong,China,2000,Weightlifting,0,1,0,1
Marta Bach,Spain,2012,Waterpolo,0,1,0,1
Anna Espar,Spain,2012,Waterpolo,0,1,0,1
Ash Southern,Australia,2012,Waterpolo,0,0,1,1
Maggie Steffens,United States,2012,Waterpolo,1,0,0,1
Roser Tarragó,Spain,2012,Waterpolo,0,1,0,1
Suzie Fraser,Australia,2008,Waterpolo,0,0,1,1
Ilse van der Meijden,Netherlands,2008,Waterpolo,1,0,0,1
Elena Gigli,Italy,2004,Waterpolo,1,0,0,1
Ericka Lorenz,United States,2000,Waterpolo,0,1,0,1
Wei Qiuyue,China,2008,Volleyball,0,0,1,1
Rosir Calderon,Cuba,2004,Volleyball,0,0,1,1
Marina Sheshenina,Russia,2004,Volleyball,0,1,0,1
Yekaterina Gamova,Russia,2000,Volleyball,0,1,0,1
Kasumi Ishikawa,Japan,2012,Table Tennis,0,1,0,1
Dmitrij Ovtcharov,Germany,2008,Table Tennis,0,1,0,1
Dong Dong,China,2008,Trampoline,0,0,1,1
He Wenna,China,2008,Trampoline,1,0,0,1
Lu Chunlong,China,2008,Trampoline,1,0,0,1
Jade Jones,Great Britain,2012,Taekwondo,1,0,0,1
Oscar Muñoz,Colombia,2012,Taekwondo,0,0,1,1
Nur Tatar,Turkey,2012,Taekwondo,0,1,0,1
Servet Tazegül,Turkey,2008,Taekwondo,0,0,1,1
Martina Zubcic,Croatia,2008,Taekwondo,0,0,1,1
Yaowapa Boorapolchai,Thailand,2004,Taekwondo,0,0,1,1
Laia Pons,Spain,2012,Synchronized Swimming,0,0,1,1
Stephanie Nesbitt,United States,2004,Synchronized Swimming,0,0,1,1
Tang Yi,China,2012,Swimming,0,0,1,1
Nathan Adrian,United States,2008,Swimming,1,0,0,1
Bronte Barratt,Australia,2008,Swimming,1,0,0,1
Elaine Breeden,United States,2008,Swimming,0,1,0,1
Ryan Cochrane,Canada,2008,Swimming,0,0,1,1
Lara Ilchenko,Russia,2008,Swimming,1,0,0,1
Liu Zige,China,2008,Swimming,1,0,0,1
Nikita Lobintsev,Russia,2008,Swimming,0,1,0,1
Mikhail Polishchuk,Russia,2008,Swimming,0,1,0,1
Sun Ye,China,2008,Swimming,0,0,1,1
Dave Davies,Great Britain,2004,Swimming,0,0,1,1
Helge Meeuw,Germany,2004,Swimming,0,1,0,1
Pang Jiaying,China,2004,Swimming,0,1,0,1
Nicholas Sprenger,Australia,2004,Swimming,0,1,0,1
Darian Townsend,South Africa,2004,Swimming,1,0,0,1
Yang Yu,China,2004,Swimming,0,1,0,1
Sara Harstick,Germany,2000,Swimming,0,0,1,1
Anna-Karin Kammerling,Sweden,2000,Swimming,0,0,1,1
Ágnes Kovács,Hungary,2000,Swimming,1,0,0,1
Erin Phenix,United States,2000,Swimming,1,0,0,1
Staciana Stitts,United States,2000,Swimming,1,0,0,1
Yasuko Tajima,Japan,2000,Swimming,0,1,0,1
Erik Vendt,United States,2000,Swimming,0,1,0,1
Tarnee White,Australia,2000,Swimming,0,1,0,1
Aly Dudek,United States,2010,Short-Track Speed Skating,0,0,1,1
Arianna Fontana,Italy,2010,Short-Track Speed Skating,0,0,1,1
Lana Gehring,United States,2010,Short-Track Speed Skating,0,0,1,1
Kim Seong-Il,South Korea,2010,Short-Track Speed Skating,0,1,0,1
Kalyna Roberge,Canada,2006,Short-Track Speed Skating,0,1,0,1
Choi Min-Kyung,South Korea,2002,Short-Track Speed Skating,1,0,0,1
Amélie Goulet-Nadon,Canada,2002,Short-Track Speed Skating,0,0,1,1
Brian Hansen,United States,2010,Speed Skating,0,1,0,1
Jonathan Kuck,United States,2010,Speed Skating,0,1,0,1
Naoko Sakamoto,Japan,2004,Softball,0,0,1,1
Hannah Teter,United States,2006,Snowboarding,1,0,0,1
Shaun White,United States,2006,Snowboarding,1,0,0,1
Danny Kass,United States,2002,Snowboarding,0,1,0,1
Kim Jang-Mi,South Korea,2012,Shooting,1,0,0,1
Vincent Hancock,United States,2008,Shooting,1,0,0,1
Lenka Hyková-Marušková,Czech Republic,2004,Shooting,0,1,0,1
Olena Kostevych,Ukraine,2004,Shooting,1,0,0,1
Zhu Qinan,China,2004,Shooting,1,0,0,1
Olivia Price,Australia,2012,Sailing,0,1,0,1
Zhang Yangyang,China,2008,Rowing,1,0,0,1
Darya Dmitriyeva,Russia,2012,Rhythmic Gymnastics,0,1,0,1
Ulyana Donskova,Russia,2012,Rhythmic Gymnastics,1,0,0,1
Anastasiya Nazarenko,Russia,2012,Rhythmic Gymnastics,1,0,0,1
Alesya Babushkina,Belarus,2008,Rhythmic Gymnastics,0,0,1,1
Zina Lunina,Belarus,2008,Rhythmic Gymnastics,0,0,1,1
Glafira Martinovich,Belarus,2008,Rhythmic Gymnastics,0,0,1,1
Sui Jianshuang,China,2008,Rhythmic Gymnastics,0,1,0,1
Nataliya Zuyeva,Russia,2008,Rhythmic Gymnastics,1,0,0,1
Fabrizia D'Ottavio,Italy,2004,Rhythmic Gymnastics,0,1,0,1
Zhaneta Ilieva,Bulgaria,2004,Rhythmic Gymnastics,0,0,1,1
Daniela Masseroni,Italy,2004,Rhythmic Gymnastics,0,1,0,1
Kristina Rangelova,Bulgaria,2004,Rhythmic Gymnastics,0,0,1,1
Irina Belova,Russia,2000,Rhythmic Gymnastics,1,0,0,1
Anna Glazkova,Belarus,2000,Rhythmic Gymnastics,0,1,0,1
Vera Shimanskaya,Russia,2000,Rhythmic Gymnastics,1,0,0,1
Misato Nakamura,Japan,2008,Judo,0,0,1,1
Teddy Riner,France,2008,Judo,0,0,1,1
Wang Gi-Chun,South Korea,2008,Judo,0,1,0,1
Michelle Karvinen,Finland,2010,Ice Hockey,0,0,1,1
Minnamari Tuominen,Finland,2010,Ice Hockey,0,0,1,1
Linda Välimäki,Finland,2010,Ice Hockey,0,0,1,1
Kim Martin,Sweden,2006,Ice Hockey,0,1,0,1
Frida Nevalainen,Sweden,2006,Ice Hockey,0,1,0,1
Emelie Berggren,Sweden,2002,Ice Hockey,0,0,1,1
Julie Chu,United States,2002,Ice Hockey,0,1,0,1
Eva de Goede,Netherlands,2008,Hockey,1,0,0,1
Roc Oliva,Spain,2008,Hockey,0,1,0,1
Zhao Yudiao,China,2008,Hockey,0,1,0,1
Mark Knowles,Australia,2004,Hockey,1,0,0,1
Christopher Zeller,Germany,2004,Hockey,0,0,1,1
Sole García,Argentina,2000,Hockey,0,1,0,1
Angie Skirving-Lambert,Australia,2000,Hockey,1,0,0,1
Kim On-A,South Korea,2008,Handball,0,0,1,1
Sam Oldham,Great Britain,2012,Gymnastics,0,0,1,1
Ihor Radivilov,Ukraine,2012,Gymnastics,0,0,1,1
Yang Hak-Seon,South Korea,2012,Gymnastics,1,0,0,1
Hong Un-Jong,North Korea,2008,Gymnastics,1,0,0,1
Louis Smith,Great Britain,2008,Gymnastics,0,0,1,1
Kim Dae-Eun,South Korea,2004,Gymnastics,0,1,0,1
Silvia Stroescu,Romania,2004,Gymnastics,1,0,0,1
Teng Haibin,China,2004,Gymnastics,1,0,0,1
Gervasio Deferr,Spain,2000,Gymnastics,1,0,0,1
Kristin Maloney,United States,2000,Gymnastics,0,0,1,1
Ruslan Mezentsev,Ukraine,2000,Gymnastics,0,1,0,1
Gabriel,Brazil,2012,Football,0,1,0,1
Mana Iwabuchi,Japan,2012,Football,0,1,0,1
Lucas,Brazil,2012,Football,0,1,0,1
Diego Reyes,Mexico,2012,Football,1,0,0,1
Dele Adeleye,Nigeria,2008,Football,0,1,0,1
Efe Ambrose,Nigeria,2008,Football,0,1,0,1
Fabiana,Brazil,2008,Football,0,1,0,1
Chibuzor Okonkwo,Nigeria,2008,Football,0,1,0,1
Giorgio Chiellini,Italy,2004,Football,0,0,1,1
Cristiane,Brazil,2004,Football,0,1,0,1
Kelly Cristina,Brazil,2004,Football,0,1,0,1
Heather O'Reilly,United States,2004,Football,1,0,0,1
Clément Beaud,Cameroon,2000,Football,1,0,0,1
Samuel Eto'o,Cameroon,2000,Football,1,0,0,1
Solveig Gulbrandsen,Norway,2000,Football,1,0,0,1
Albert Meyong Ze,Cameroon,2000,Football,1,0,0,1
Mao Asada,Japan,2010,Figure Skating,0,1,0,1
Kim Yeon-A,South Korea,2010,Figure Skating,1,0,0,1
Yevgeny Plyushchenko,Russia,2002,Figure Skating,0,1,0,1
Travis Mayer,United States,2002,Freestyle Skiing,0,1,0,1
Olha Zhovnir,Ukraine,2008,Fencing,1,0,0,1
Renal Ganeyev,Russia,2004,Fencing,0,0,1,1
Mariel Zagunis,United States,2004,Fencing,1,0,0,1
Dennis Bauer,Germany,2000,Fencing,0,0,1,1
Brice Guyart,France,2000,Fencing,1,0,0,1
Li Na,China,2000,Fencing,0,0,1,1
Kristian Ipsen,United States,2012,Diving,0,0,1,1
Pandelela Pamg,Malaysia,2012,Diving,0,0,1,1
Qiu Bo,China,2012,Diving,0,1,0,1
Wang Hao,China,2012,Diving,1,0,0,1
Patrick Hausding,Germany,2008,Diving,0,1,0,1
Alexandre Despatie,Canada,2004,Diving,0,1,0,1
Philip Hindes,Great Britain,2012,Cycling,1,0,0,1
Mikhail Ignatyev,Russia,2004,Cycling,1,0,0,1
Miriam Gössner,Germany,2010,Cross Country Skiing,0,1,0,1
Josef Dostál,Czech Republic,2012,Canoeing,0,0,1,1
René Poulsen,Denmark,2008,Canoeing,0,1,0,1
Frank Montieth,Cuba,2004,Baseball,1,0,0,1
Lee Seung-Ho,South Korea,2000,Baseball,0,0,1,1
Mavzuna Choriyeva,Tajikistan,2012,Boxing,0,0,1,1
Teymur M?mm?dov,Azerbaijan,2012,Boxing,0,0,1,1
Roniel Iglesias,Cuba,2008,Boxing,0,0,1,1
Bakhodirdzhon Sultanov,Uzbekistan,2004,Boxing,0,0,1,1
Cristian Bejarano,Mexico,2000,Boxing,0,0,1,1
Guillermo Rigondeaux,Cuba,2000,Boxing,1,0,0,1
Ricardo Williams Jr.,United States,2000,Boxing,0,1,0,1
Vüqar Mursal ?l?kb?rov,Azerbaijan,2000,Boxing,0,0,1,1
Xue Chen,China,2008,Beach Volleyball,0,0,1,1
Anthony Davis,United States,2012,Basketball,1,0,0,1
LeBron James,United States,2004,Basketball,0,0,1,1
Lauren Jackson,Australia,2000,Basketball,0,1,0,1
Lee Yong-Dae,South Korea,2008,Badminton,1,0,0,1
Chen Ding,China,2012,Athletics,1,0,0,1
Kirani James,Grenada,2012,Athletics,1,0,0,1
Deon Lendore,Trinidad and Tobago,2012,Athletics,0,0,1,1
Luguelín Santos,Dominican Republic,2012,Athletics,0,1,0,1
Keshorn Walcott,Trinidad and Tobago,2012,Athletics,1,0,0,1
Aleksandra Fedoriva,Russia,2008,Athletics,1,0,0,1
Asbel Kiprop,Kenya,2008,Athletics,1,0,0,1
Blessing Okagbare,Nigeria,2008,Athletics,0,0,1,1
Agnes Osazuwa,Nigeria,2008,Athletics,0,0,1,1
Bobby-Gaye Wilkins,Jamaica,2008,Athletics,0,0,1,1
Jaroslav Bába,Czech Republic,2004,Athletics,0,0,1,1
Tirunesh Dibaba,Ethiopia,2004,Athletics,0,0,1,1
Eliud Kipchoge,Kenya,2004,Athletics,0,0,1,1
Brimin Kipruto,Kenya,2004,Athletics,0,1,0,1
Véronique Mang,France,2004,Athletics,0,0,1,1
Sanya Richards-Ross,United States,2004,Athletics,1,0,0,1
Nduka Awazie,Nigeria,2000,Athletics,1,0,0,1
Olesya Zykina,Russia,2000,Athletics,0,0,1,1
Im Dong-Hyeon,South Korea,2004,Archery,1,0,0,1
Liu Ming-Huang,Chinese Taipei,2004,Archery,0,1,0,1
Yuan Shu-Chi,Chinese Taipei,2004,Archery,0,0,1,1
Sun Yang,China,2012,Swimming,2,1,1,4
An Hyeon-Su,South Korea,2006,Short-Track Speed Skating,3,0,1,4
Janica Kostelic,Croatia,2002,Alpine Skiing,3,1,0,4
Yannick Agnel,France,2012,Swimming,2,1,0,3
Emily Seebohm,Australia,2012,Swimming,1,2,0,3
Steph Rice,Australia,2008,Swimming,3,0,0,3
Kirsty Coventry,Zimbabwe,2004,Swimming,1,1,1,3
Jodie Henry,Australia,2004,Swimming,3,0,0,3
Otylia Jedrzejczak,Poland,2004,Swimming,1,2,0,3
Lee Jeong-Su,South Korea,2010,Short-Track Speed Skating,2,1,0,3
Wang Meng,China,2006,Short-Track Speed Skating,1,1,1,3
Gregor Schlierenzauer,Austria,2010,Ski Jumping,1,0,2,3
Cheng Fei,China,2008,Gymnastics,1,0,2,3
Zou Kai,China,2008,Gymnastics,3,0,0,3
Simona Amânar,Romania,2000,Gymnastics,2,0,1,3
Guo Yue,China,2008,Table Tennis,1,0,1,2
Venus Williams,United States,2000,Tennis,2,0,0,2
Chad le Clos,South Africa,2012,Swimming,1,1,0,2
Julia Smit,United States,2008,Swimming,0,1,1,2
Ryan Lochte,United States,2004,Swimming,1,1,0,2
Brooke Bennett,United States,2000,Swimming,2,0,0,2
Grant Hackett,Australia,2000,Swimming,2,0,0,2
Ed Moses,United States,2000,Swimming,1,1,0,2
Simon Ammann,Switzerland,2002,Ski Jumping,2,0,0,2
Matti Hautamäki,Finland,2002,Ski Jumping,0,1,1,2
Jaakko Tallus,Finland,2002,Nordic Combined,1,1,0,2
Yelena Produnova,Russia,2000,Gymnastics,0,1,1,2
Yang Wei,China,2000,Gymnastics,1,1,0,2
Andrea Cassarà,Italy,2004,Fencing,1,0,1,2
Laura Trott,Great Britain,2012,Cycling,2,0,0,2
Jason Kenny,Great Britain,2008,Cycling,1,1,0,2
Anna Meares,Australia,2004,Cycling,1,0,1,2
Jeremy Wariner,United States,2004,Athletics,2,0,0,2
Anja Pärson,Sweden,2002,Alpine Skiing,0,1,1,2
Kim Nam-Sun,South Korea,2000,Archery,1,1,0,2
Artur Aleksanyan,Armenia,2012,Wrestling,0,0,1,1
Mariya Stadnik,Azerbaijan,2008,Wrestling,0,0,1,1
Wang Jiao,China,2008,Wrestling,1,0,0,1
Mavlet Batyrov,Russia,2004,Wrestling,1,0,0,1
Kaori Icho,Japan,2004,Wrestling,1,0,0,1
Makhach Murtazaliyev,Russia,2004,Wrestling,0,0,1,1
Ramaz Nozadze,Georgia,2004,Wrestling,0,1,0,1
Garrett Lowney,United States,2000,Wrestling,0,0,1,1
Razvan Martin,Romania,2012,Weightlifting,0,0,1,1
Om Yun-Chol,North Korea,2012,Weightlifting,1,0,0,1
Andrey Aryamnov,Belarus,2008,Weightlifting,1,0,0,1
Ilya Ilyin,Kazakhstan,2008,Weightlifting,1,0,0,1
Liao Hui,China,2008,Weightlifting,1,0,0,1
Tigran G. Martirosyan,Armenia,2008,Weightlifting,0,0,1,1
Irina Nekrasova,Kazakhstan,2008,Weightlifting,0,1,0,1
Sibel Özkan,Turkey,2008,Weightlifting,0,1,0,1
Triyatno,Indonesia,2008,Weightlifting,0,0,1,1
Nadezhda Yevstyukhina,Russia,2008,Weightlifting,0,0,1,1
Jang Mi-Ran,South Korea,2004,Weightlifting,0,1,0,1
Nurcan Taylan,Turkey,2004,Weightlifting,1,0,0,1
Ding Meiyuan,China,2000,Weightlifting,1,0,0,1
Andrea Blas,Spain,2012,Waterpolo,0,1,0,1
Annika Dries,United States,2012,Waterpolo,1,0,0,1
Aleksa Šaponjic,Serbia,2012,Waterpolo,0,0,1,1
J. W. Krumpholz,United States,2008,Waterpolo,0,1,0,1
Anthi Mylonaki,Greece,2004,Waterpolo,0,1,0,1
Kelly Rulon,United States,2004,Waterpolo,0,0,1,1
Sofiya Konukh,Russia,2000,Waterpolo,0,0,1,1
Brenda Villa,United States,2000,Waterpolo,0,1,0,1
Maksim Mikhaylov,Russia,2008,Volleyball,0,0,1,1
Wang Yimei,China,2008,Volleyball,0,0,1,1
Daimí Ramírez,Cuba,2004,Volleyball,0,0,1,1
Dulce Téllez,Cuba,2004,Volleyball,0,0,1,1
Kiki,Brazil,2000,Volleyball,0,0,1,1
Chen Qi,China,2004,Table Tennis,1,0,0,1
Wang Hao,China,2004,Table Tennis,0,1,0,1
Sun Jin,China,2000,Table Tennis,0,1,0,1
Karen Cockburn,Canada,2000,Trampoline,0,0,1,1
Lee Dae-Hun,South Korea,2012,Taekwondo,0,1,0,1
Milica Mandic,Serbia,2012,Taekwondo,1,0,0,1
María Espinoza,Mexico,2008,Taekwondo,1,0,0,1
Son Tae-Jin,South Korea,2008,Taekwondo,1,0,0,1
Nia Abdallah,United States,2004,Taekwondo,0,1,0,1
Song Myeong-Seop,South Korea,2004,Taekwondo,0,0,1,1
Jung Jae-Eun,South Korea,2000,Taekwondo,1,0,0,1
Mikhail Mouroutsos,Greece,2000,Taekwondo,1,0,0,1
Sin Jun-Sik,South Korea,2000,Taekwondo,0,1,0,1
Mario Ancic,Croatia,2004,Tennis,0,0,1,1
Chen Xiaojun,China,2012,Synchronized Swimming,0,1,0,1
Irene Montrucchio,Spain,2012,Synchronized Swimming,0,0,1,1
Laura López,Spain,2008,Synchronized Swimming,0,1,0,1
Luo Xi,China,2008,Synchronized Swimming,0,0,1,1
Mariya Gromova,Russia,2004,Synchronized Swimming,1,0,0,1
Sara Lowe,United States,2004,Synchronized Swimming,0,0,1,1
Ayano Egami,Japan,2000,Synchronized Swimming,0,1,0,1
Olga Vasyukova,Russia,2000,Synchronized Swimming,1,0,0,1
Yelena Khrustalyova,Kazakhstan,2010,Biathlon,0,1,0,1
Svetlana Ishmuratova,Russia,2002,Biathlon,0,0,1,1
Galina Kukleva,Russia,2002,Biathlon,0,0,1,1
Peter Sendel,Germany,2002,Biathlon,0,1,0,1
Juliana,Brazil,2012,Beach Volleyball,0,0,1,1
Fábio,Brazil,2008,Beach Volleyball,0,1,0,1
Kerri Walsh,United States,2008,Beach Volleyball,1,0,0,1
Ricardo,Brazil,2004,Beach Volleyball,1,0,0,1
Zé Marco,Brazil,2000,Beach Volleyball,0,1,0,1
Tyson Chandler,United States,2012,Basketball,1,0,0,1
Viktor Khryapa,Russia,2012,Basketball,0,0,1,1
Sergey Monya,Russia,2012,Basketball,0,0,1,1
Emmeline Ndongue,France,2012,Basketball,0,1,0,1
Samantha Richards,Australia,2012,Basketball,0,0,1,1
Kobe Bryant,United States,2008,Basketball,1,0,0,1
Tamika Catchings,United States,2008,Basketball,1,0,0,1
Álex Mumbrú,Spain,2008,Basketball,0,1,0,1
Paolo Quinteros,Argentina,2008,Basketball,0,0,1,1
Mariya Stepanova,Russia,2008,Basketball,0,0,1,1
Gianluca Basile,Italy,2004,Basketball,0,1,0,1
Roberto Chiacig,Italy,2004,Basketball,0,1,0,1
Jack Galanda,Italy,2004,Basketball,0,1,0,1
Kristi Harrower,Australia,2004,Basketball,0,1,0,1
Allen Iverson,United States,2004,Basketball,0,0,1,1
Shannon Johnson,United States,2004,Basketball,1,0,0,1
Denis Marconato,Italy,2004,Basketball,0,1,0,1
Tina Thompson,United States,2004,Basketball,1,0,0,1
Adriana,Brazil,2000,Basketball,0,0,1,1
Allan Houston,United States,2000,Basketball,1,0,0,1
Darius Maskoliunas,Lithuania,2000,Basketball,0,0,1,1
Sheryl Swoopes,United States,2000,Basketball,1,0,0,1
Natalie Williams,United States,2000,Basketball,1,0,0,1
Jeong Jae-Seong,South Korea,2012,Badminton,0,0,1,1
Lee Chong Wei,Malaysia,2012,Badminton,0,1,0,1
Carsten Mogensen,Denmark,2012,Badminton,0,1,0,1
Ha Tae-Gwon,South Korea,2004,Badminton,1,0,0,1
Yu Yong-Seong,South Korea,2004,Badminton,0,1,0,1
Zhang Ning,China,2004,Badminton,1,0,0,1
Marc Burns,Trinidad and Tobago,2012,Athletics,0,0,1,1
Lashinda Demus,United States,2012,Athletics,0,1,0,1
Tatyana Firova,Russia,2012,Athletics,0,1,0,1
Michael Frater,Jamaica,2012,Athletics,1,0,0,1
Yuliya Gushchina,Russia,2012,Athletics,0,1,0,1
Shereefa Lloyd,Jamaica,2012,Athletics,0,0,1,1
Tatyana Petrova-Arkhipova,Russia,2012,Athletics,0,0,1,1
Olha Saladukha,Ukraine,2012,Athletics,0,0,1,1
Mehdi Baala,France,2008,Athletics,0,0,1,1
Chris Brown,Bahamas,2008,Athletics,0,1,0,1
Phillips Idowu,Great Britain,2008,Athletics,0,1,0,1
Gerd Kanter,Estonia,2008,Athletics,1,0,0,1
Avard Moncur,Bahamas,2008,Athletics,0,1,0,1
Zhou Chunxiu,China,2008,Athletics,0,0,1,1
Yumileidi Cumbá,Cuba,2004,Athletics,1,0,0,1
Meb Keflezighi,United States,2004,Athletics,0,1,0,1
Bernard Lagat,Kenya,2004,Athletics,0,1,0,1
Koji Murofushi,Japan,2004,Athletics,1,0,0,1
Adam Nelson,United States,2004,Athletics,0,1,0,1
Jane Saville,Australia,2004,Athletics,0,0,1,1
Roman Šebrle,Czech Republic,2004,Athletics,1,0,0,1
Tatyana Tomashova,Russia,2004,Athletics,0,1,0,1
Joyce Chepchumba,Kenya,2000,Athletics,0,0,1,1
Claudinei da Silva,Brazil,2000,Athletics,0,1,0,1
Stacy Dragila,United States,2000,Athletics,1,0,0,1
Svetlana Goncharenko,Russia,2000,Athletics,0,0,1,1
Denis Kapustin,Russia,2000,Athletics,0,0,1,1
Wilson Kipketer,Denmark,2000,Athletics,0,1,0,1
Olga Kuzenkova,Russia,2000,Athletics,0,1,0,1
Noria Mérah-Benida,Algeria,2000,Athletics,1,0,0,1
Melissa Morrison,United States,2000,Athletics,0,0,1,1
Yuliya Sotnikova,Russia,2000,Athletics,0,0,1,1
Chandra Sturrup,Bahamas,2000,Athletics,1,0,0,1
Maksim Tarasov,Russia,2000,Athletics,0,0,1,1
Antoine Dénériaz,France,2006,Alpine Skiing,1,0,0,1
Anna Ottosson,Sweden,2006,Alpine Skiing,0,0,1,1
Sébastien Amiez,France,2002,Alpine Skiing,0,1,0,1
Sonja Nef,Switzerland,2002,Alpine Skiing,0,0,1,1
Fritz Strobl,Austria,2002,Alpine Skiing,1,0,0,1
Marco Galiazzo,Italy,2012,Archery,1,0,0,1
Cornelia Pfohl,Germany,2000,Archery,0,0,1,1
Inge de Bruijn,Netherlands,2004,Swimming,1,1,2,4
Leontien Zijlaard-van Moorsel,Netherlands,2000,Cycling,3,1,0,4
Felix Gottwald,Austria,2006,Nordic Combined,2,1,0,3
Wang Liqin,China,2008,Table Tennis,1,0,1,2
Serena Williams,United States,2012,Tennis,2,0,0,2
Brendan Hansen,United States,2012,Swimming,1,0,1,2
Carl Verheijen,Netherlands,2006,Speed Skating,0,0,2,2
Erben Wennemars,Netherlands,2006,Speed Skating,0,0,2,2
Gianna Hablützel-Bürki,Switzerland,2000,Fencing,0,2,0,2
Giovanna Trillini,Italy,2000,Fencing,1,0,1,2
Kim Severson,United States,2004,Equestrian,0,1,1,2
Yuliya Pakhalina,Russia,2008,Diving,0,2,0,2
Jens Fiedler,Germany,2000,Cycling,0,0,2,2
Jason Queally,Great Britain,2000,Cycling,1,1,0,2
Axel Teichmann,Germany,2010,Cross Country Skiing,0,2,0,2
Thobias Fredriksson,Sweden,2006,Cross Country Skiing,1,0,1,2
Thomas Alsgaard,Norway,2002,Cross Country Skiing,2,0,0,2
Natasa Douchev-Janics,Hungary,2012,Canoeing,0,1,1,2
Katrin Wagner-Augustin,Germany,2008,Canoeing,1,0,1,2
Aleksandr Kostoglod,Russia,2004,Canoeing,0,1,1,2
Simone Hauswald,Germany,2010,Biathlon,0,0,2,2
Sven Fischer,Germany,2002,Biathlon,0,2,0,2
Veronica Campbell-Brown,Jamaica,2012,Athletics,0,1,1,2
Justin Gatlin,United States,2012,Athletics,0,1,1,2
Maurice Greene,United States,2004,Athletics,0,1,1,2
Beverly McDonald,Jamaica,2000,Athletics,0,1,1,2
Ivica Kostelic,Croatia,2010,Alpine Skiing,0,2,0,2
Kjetil André Aamodt,Norway,2002,Alpine Skiing,2,0,0,2
Oh Jin-Hyek,South Korea,2012,Archery,1,0,1,2
Clarissa Chun,United States,2012,Wrestling,0,0,1,1
Jimmy Lidberg,Sweden,2012,Wrestling,0,0,1,1
Liván López,Cuba,2012,Wrestling,0,0,1,1
Yusuf Abdusalomov,Tajikistan,2008,Wrestling,0,1,0,1
Kyoko Hamaguchi,Japan,2008,Wrestling,0,0,1,1
Otar Tushishvili,Georgia,2008,Wrestling,0,0,1,1
Anna Gomis,France,2004,Wrestling,0,0,1,1
István Majoros,Hungary,2004,Wrestling,1,0,0,1
Gaydar Mamedaliyev,Russia,2004,Wrestling,0,1,0,1
Armen Nazaryan,Bulgaria,2004,Wrestling,0,0,1,1
Mehmet Özal,Turkey,2004,Wrestling,0,0,1,1
Marko Yli-Hannuksela,Finland,2004,Wrestling,0,1,0,1
Matt Lindland,United States,2000,Wrestling,0,1,0,1
Mikael Ljungberg,Sweden,2000,Wrestling,1,0,0,1
Marc Huster,Germany,2000,Weightlifting,0,1,0,1
Nikolay Peshalov,Croatia,2000,Weightlifting,1,0,0,1
Kate Gynther,Australia,2012,Waterpolo,0,0,1,1
Josip Pavic,Croatia,2012,Waterpolo,1,0,0,1
Aleksandar Ciric,Serbia,2008,Waterpolo,0,0,1,1
Daniëlle de Bruijn,Netherlands,2008,Waterpolo,1,0,0,1
Gergo Kiss,Hungary,2008,Waterpolo,1,0,0,1
Emma Knox,Australia,2008,Waterpolo,0,0,1,1
Merrill Moses,United States,2008,Waterpolo,0,1,0,1
Heather Petri,United States,2008,Waterpolo,0,1,0,1
Aleksandar Šapic,Serbia,2008,Waterpolo,0,0,1,1
Zoltán Szécsi,Hungary,2008,Waterpolo,1,0,0,1
Revaz Chomakhidze,Russia,2004,Waterpolo,0,0,1,1
Georgia Ellinaki,Greece,2004,Waterpolo,0,1,0,1
Sergey Garbuzov,Russia,2004,Waterpolo,0,0,1,1
Eftykhia Karagianni,Greece,2004,Waterpolo,0,1,0,1
Voula Kozomboli,Greece,2004,Waterpolo,0,1,0,1
Martina Miceli,Italy,2004,Waterpolo,1,0,0,1
Heather Moody,United States,2004,Waterpolo,0,0,1,1
Petar Trbojevic,Serbia and Montenegro,2004,Waterpolo,0,1,0,1
Marat Zakirov,Russia,2004,Waterpolo,0,0,1,1
Kathy Sheehy,United States,2000,Waterpolo,0,1,0,1
Nicole Davis,United States,2012,Volleyball,0,1,0,1
Taras Khtey,Russia,2012,Volleyball,1,0,0,1
Ai Otomo-Yamamoto,Japan,2012,Volleyball,0,0,1,1
Paula,Brazil,2012,Volleyball,1,0,0,1
Cristian Savani,Italy,2012,Volleyball,0,0,1,1
Sidão,Brazil,2012,Volleyball,0,1,0,1
Aleksandr Sokolov,Russia,2012,Volleyball,1,0,0,1
Aleksandr Kosaryev,Russia,2008,Volleyball,0,0,1,1
Ryan Millar,United States,2008,Volleyball,1,0,0,1
Reid Priddy,United States,2008,Volleyball,1,0,0,1
Clay Stanley,United States,2008,Volleyball,1,0,0,1
Anderson,Brazil,2004,Volleyball,1,0,0,1
Stanislav Dineykin,Russia,2004,Volleyball,0,0,1,1
Nalbert,Brazil,2004,Volleyball,1,0,0,1
Regla Bell,Cuba,2000,Volleyball,1,0,0,1
Fofão,Brazil,2000,Volleyball,0,0,1,1
Andrea Giani,Italy,2000,Volleyball,0,0,1,1
Pasquale Gravina,Italy,2000,Volleyball,0,0,1,1
Vadim Khamuttskikh,Russia,2000,Volleyball,0,1,0,1
Ricarda,Brazil,2000,Volleyball,0,0,1,1
Konstantin Ushakov,Russia,2000,Volleyball,0,1,0,1
Li Jia Wei,Singapore,2012,Table Tennis,0,0,1,1
Patrick Chila,France,2000,Table Tennis,0,0,1,1
Nicola Spirig,Switzerland,2012,Triathlon,1,0,0,1
Aleksandr Moskalenko,Russia,2000,Trampoline,1,0,0,1
Adriana Carmona,Venezuela,2004,Taekwondo,0,0,1,1
Julien Benneteau,France,2012,Tennis,0,0,1,1
Roger Federer,Switzerland,2012,Tennis,0,1,0,1
Nadiya Petrova,Russia,2012,Tennis,0,0,1,1
Bob Bryan,United States,2008,Tennis,0,0,1,1
Mike Bryan,United States,2008,Tennis,0,0,1,1
Vivi Ruano,Spain,2004,Tennis,0,1,0,1
Els Callens,Belgium,2000,Tennis,0,0,1,1
Irina Rodríguez,Spain,2008,Synchronized Swimming,0,1,0,1
Kerstin Kielgaß,Germany,2000,Swimming,0,0,1,1
Li Jiajun,China,2006,Short-Track Speed Skating,0,0,1,1
Tania Vicent,Canada,2006,Short-Track Speed Skating,0,1,0,1
Katarzyna Wójcicka-Bachleda-Curus,Poland,2010,Speed Skating,0,0,1,1
Steven Elm,Canada,2006,Speed Skating,0,1,0,1
Jason Parker,Canada,2006,Speed Skating,0,1,0,1
Ådne Søndrål,Norway,2002,Speed Skating,0,0,1,1
Gerard van Velde,Netherlands,2002,Speed Skating,1,0,0,1
Crystl Bustos,United States,2008,Softball,0,1,0,1
Stacey Nuveman,United States,2008,Softball,0,1,0,1
Kerry Wyborn,Australia,2008,Softball,0,0,1,1
Tracey Mosley,Australia,2004,Softball,0,1,0,1
Brooke Wilkins,Australia,2004,Softball,0,1,0,1
Kelly Hardie,Australia,2000,Softball,0,0,1,1
Lori Harrigan,United States,2000,Softball,1,0,0,1
Haruka Saito,Japan,2000,Softball,0,1,0,1
Noriko Yamaji,Japan,2000,Softball,0,1,0,1
Nicolien Sauerbreij,Netherlands,2010,Snowboarding,1,0,0,1
Rosey Fletcher,United States,2006,Snowboarding,0,0,1,1
Tanja Frieden,Switzerland,2006,Snowboarding,1,0,0,1
Wolfgang Loitzl,Austria,2010,Ski Jumping,1,0,0,1
Jon Montgomery,Canada,2010,Skeleton,1,0,0,1
Sylwia Bogacka,Poland,2012,Shooting,0,1,0,1
Choi Yeong-Rae,South Korea,2012,Shooting,0,1,0,1
Luca Tesconi,Italy,2012,Shooting,0,1,0,1
Chiara Cainero,Italy,2008,Shooting,1,0,0,1
Chen Ying,China,2008,Shooting,1,0,0,1
Hu Binyuan,China,2008,Shooting,0,0,1,1
Otryadyn Gündegmaa,Mongolia,2008,Shooting,0,1,0,1
Jozef Gönci,Slovakia,2004,Shooting,0,0,1,1
Jia Zhanbo,China,2004,Shooting,1,0,0,1
Dmitry Lykin,Russia,2004,Shooting,0,0,1,1
Artyom Khadzhibekov,Russia,2000,Shooting,0,1,0,1
Giovanni Pellielo,Italy,2000,Shooting,0,0,1,1
Lisa Westerhof,Netherlands,2012,Sailing,0,0,1,1
Glenn Ashby,Australia,2008,Sailing,0,1,0,1
Sofia Bekatorou,Greece,2008,Sailing,0,0,1,1
Annemieke Bes,Netherlands,2008,Sailing,0,1,0,1
Marcelien Bos-de Koning,Netherlands,2008,Sailing,0,1,0,1
Paul Goodison,Great Britain,2008,Sailing,1,0,0,1
Sandra Azón,Spain,2004,Sailing,0,1,0,1
Heorhiy Leonchuk,Ukraine,2004,Sailing,0,1,0,1
Jenny Armstrong,Australia,2000,Sailing,1,0,0,1
Michael Blackburn,Australia,2000,Sailing,0,0,1,1
John Forbes,Australia,2000,Sailing,0,1,0,1
Fredrik Lööf,Sweden,2000,Sailing,0,0,1,1
Alessandra Sensini,Italy,2000,Sailing,1,0,0,1
Ian Walker,Great Britain,2000,Sailing,0,1,0,1
Gabe Bergen,Canada,2012,Rowing,0,1,0,1
Caryn Davies,United States,2012,Rowing,1,0,0,1
Kate Hornsey,Australia,2012,Rowing,0,1,0,1
Nienke Kingma,Netherlands,2012,Rowing,0,0,1,1
Florian Mennigen,Germany,2012,Rowing,1,0,0,1
Andréanne Morin,Canada,2012,Rowing,0,1,0,1
Eric Murray,New Zealand,2012,Rowing,1,0,0,1
Mads Rasmussen,Denmark,2012,Rowing,1,0,0,1
Mads Andersen,Denmark,2008,Rowing,1,0,0,1
Dave Calder,Canada,2008,Rowing,0,1,0,1
Nataliya Gelakh,Belarus,2008,Rowing,0,0,1,1
Kyle Hamilton,Canada,2008,Rowing,1,0,0,1
Alastair Heathcote,Great Britain,2008,Rowing,0,1,0,1
Mark Hunter,Great Britain,2008,Rowing,1,0,0,1
Acer Nethercott,Great Britain,2008,Rowing,0,1,0,1
Britta Oppelt,Germany,2008,Rowing,0,0,1,1
Donnie Cech,South Africa,2004,Rowing,0,0,1,1
Hurnet Dekkers,Netherlands,2004,Rowing,0,0,1,1
Igor Kravtsov,Russia,2004,Rowing,1,0,0,1
Tomasz Kucharski,Poland,2004,Rowing,1,0,0,1
Manuela Lutze,Germany,2004,Rowing,1,0,0,1
Siniša Skelin,Croatia,2004,Rowing,0,1,0,1
Nikolay Spinev,Russia,2004,Rowing,1,0,0,1
Geoff Stewart,Australia,2004,Rowing,0,0,1,1
James Stewart,Australia,2004,Rowing,0,0,1,1
Robert Sycz,Poland,2004,Rowing,1,0,0,1
Sarah Winckless,Great Britain,2004,Rowing,0,0,1,1
Kathrin Boron,Germany,2000,Rowing,1,0,0,1
Krešimir Culjak,Croatia,2000,Rowing,0,0,1,1
Tim Foster,Great Britain,2000,Rowing,1,0,0,1
Elien Meijer,Netherlands,2000,Rowing,0,1,0,1
Diederik Simon,Netherlands,2000,Rowing,0,1,0,1
Jana Thieme,Germany,2000,Rowing,1,0,0,1
Jari Mantila,Finland,2002,Nordic Combined,1,0,0,1
Cao Zhongrong,China,2012,Modern Pentathlon,0,1,0,1
Alexander Resch,Germany,2010,Luge,0,0,1,1
Lucie Décosse,France,2012,Judo,1,0,0,1
Gevrise Emane,France,2012,Judo,0,0,1,1
Urška Žolnir,Slovenia,2012,Judo,1,0,0,1
Masato Uchishiba,Japan,2008,Judo,1,0,0,1
Driulys González,Cuba,2004,Judo,0,0,1,1
Mark Huizinga,Netherlands,2004,Judo,0,0,1,1
Vitaly Makarov,Russia,2004,Judo,0,1,0,1
Julia Matijass,Germany,2004,Judo,0,0,1,1
Amarilys Savón,Cuba,2004,Judo,0,0,1,1
Sun Fuming,China,2004,Judo,0,0,1,1
Jennifer Botterill,Canada,2010,Ice Hockey,1,0,0,1
Niklas Hagman,Finland,2010,Ice Hockey,0,0,1,1
Roberto Luongo,Canada,2010,Ice Hockey,1,0,0,1
Ryan Malone,United States,2010,Ice Hockey,0,1,0,1
Patrick Marleau,Canada,2010,Ice Hockey,1,0,0,1
Caroline Ouellette,Canada,2010,Ice Hockey,1,0,0,1
Angela Ruggiero,United States,2010,Ice Hockey,0,1,0,1
Colleen Sostorics,Canada,2010,Ice Hockey,1,0,0,1
Joe Thornton,Canada,2010,Ice Hockey,1,0,0,1
Gunilla Andersson,Sweden,2006,Ice Hockey,0,1,0,1
Daphne Touw,Netherlands,2000,Hockey,0,0,1,1
Stephan Veen,Netherlands,2000,Hockey,1,0,0,1
Michaël Guigou,France,2012,Handball,1,0,0,1
Jonas Larholm,Sweden,2012,Handball,0,1,0,1
Ivan Nincevic,Croatia,2012,Handball,0,0,1,1
Juan García,Spain,2008,Handball,0,0,1,1
Bertrand Gille,France,2008,Handball,1,0,0,1
Kim Hyeon-Ok,South Korea,2004,Handball,0,1,0,1
Oleg Kuleshov,Russia,2004,Handball,0,0,1,1
Sergey Pogorelov,Russia,2004,Handball,0,0,1,1
David Barrufet,Spain,2000,Handball,0,0,1,1
Mateo Garralda,Spain,2000,Handball,0,0,1,1
Susann Goksør-Bjerkrheim,Norway,2000,Handball,0,0,1,1
Vyacheslav Gorpishin,Russia,2000,Handball,1,0,0,1
Dmitry Kuzelev,Russia,2000,Handball,1,0,0,1
Anikó Nagy,Hungary,2000,Handball,0,1,0,1
Ildikó Pádár,Hungary,2000,Handball,0,1,0,1
Matteo Morandi,Italy,2012,Gymnastics,0,0,1,1
Blaine Wilson,United States,2004,Gymnastics,0,1,0,1
Szilveszter Csollány,Hungary,2000,Gymnastics,1,0,0,1
Kozue Ando,Japan,2012,Football,0,1,0,1
Amy LePeilbet,United States,2012,Football,1,0,0,1
Carli Lloyd,United States,2012,Football,1,0,0,1
Marie-Eve Nault,Canada,2012,Football,0,0,1,1
Hope Solo,United States,2012,Football,1,0,0,1
Melissa Tancredi,Canada,2012,Football,0,0,1,1
Rhian Wilkinson,Canada,2012,Football,0,0,1,1
Andréia,Brazil,2008,Football,0,1,0,1
Formiga,Brazil,2008,Football,0,1,0,1
Angela Hucles,United States,2008,Football,1,0,0,1
Heather Mitts,United States,2008,Football,1,0,0,1
Birgit Prinz,Germany,2008,Football,0,0,1,1
Juan Riquelme,Argentina,2008,Football,1,0,0,1
Kerstin Stegemann,Germany,2008,Football,0,0,1,1
Julio César Enciso,Paraguay,2004,Football,0,1,0,1
Kily González,Argentina,2004,Football,1,0,0,1
Margunn Haugenes,Norway,2000,Football,1,0,0,1
Pang Qing,China,2010,Figure Skating,0,1,0,1
Robin Szolkowy,Germany,2010,Figure Skating,0,0,1,1
Tong Jian,China,2010,Figure Skating,0,1,0,1
Tatyana Navka,Russia,2006,Figure Skating,1,0,0,1
Barbara Fusar Poli,Italy,2002,Figure Skating,0,0,1,1
Aleksey Grishin,Belarus,2010,Freestyle Skiing,1,0,0,1
Richard Gay,France,2002,Freestyle Skiing,0,0,1,1
Choi Byeong-Cheol,South Korea,2012,Fencing,0,0,1,1
Nam Hyeon-Hui,South Korea,2012,Fencing,0,0,1,1
André Weßels,Germany,2012,Fencing,0,0,1,1
Won Wu-Yeong,South Korea,2012,Fencing,1,0,0,1
José Luis Abajo,Spain,2008,Fencing,0,0,1,1
Mihai Covaliu,Romania,2008,Fencing,0,0,1,1
Tim Morehouse,United States,2008,Fencing,0,1,0,1
Julien Pillet,France,2008,Fencing,1,0,0,1
Keeth Smart,United States,2008,Fencing,0,1,0,1
Claudia Bokel,Germany,2004,Fencing,0,1,0,1
Dong Zhaozhi,China,2004,Fencing,0,1,0,1
Stanislav Pozdnyakov,Russia,2004,Fencing,0,0,1,1
Sergey Sharikov,Russia,2004,Fencing,0,0,1,1
Gaël Touya,France,2004,Fencing,1,0,0,1
Valentina Vezzali,Italy,2004,Fencing,1,0,0,1
Wang Haibin,China,2004,Fencing,0,1,0,1
Diana Bianchedi,Italy,2000,Fencing,1,0,0,1
Daniele Crosta,Italy,2000,Fencing,0,0,1,1
Pavel Kolobkov,Russia,2000,Fencing,1,0,0,1
Paolo Milanoli,Italy,2000,Fencing,1,0,0,1
Tímea Nagy,Hungary,2000,Fencing,1,0,0,1
Barbara Wolnicka-Szewczyk,Poland,2000,Fencing,0,1,0,1
Ye Chong,China,2000,Fencing,0,1,0,1
Steve Guerdat,Switzerland,2012,Equestrian,1,0,0,1
Helen Langehanenberg,Germany,2012,Equestrian,0,1,0,1
Andreas Helgstrand,Denmark,2008,Equestrian,0,0,1,1
Sharon Hunt,Great Britain,2008,Equestrian,0,0,1,1
Arnaud Boiteau,France,2004,Equestrian,1,0,0,1
Jeanette Brakewell,Great Britain,2004,Equestrian,0,1,0,1
Beat Mändli,Switzerland,2000,Equestrian,0,1,0,1
Emilie Heymans,Canada,2012,Diving,0,0,1,1
Vera Ilyina,Russia,2004,Diving,0,1,0,1
Dmitry Sautin,Russia,2004,Diving,0,0,1,1
Anne-Caroline Chausson,France,2008,Cycling,1,0,0,1
Irina Kalentyeva,Russia,2008,Cycling,0,0,1,1
Stefan Nimke,Germany,2008,Cycling,0,0,1,1
Samuel Sánchez,Spain,2008,Cycling,1,0,0,1
Arnaud Tournant,France,2008,Cycling,0,1,0,1
Paolo Bettini,Italy,2004,Cycling,1,0,0,1
Belem Guerrero,Mexico,2004,Cycling,0,1,0,1
Jiang Yonghua,China,2004,Cycling,0,1,0,1
Chris Newton,Great Britain,2004,Cycling,0,1,0,1
Guido Fulst,Germany,2000,Cycling,1,0,0,1
Scott McGrory,Australia,2000,Cycling,1,0,0,1
Kristie Moore,Canada,2010,Curling,0,1,0,1
Simon Strübin,Switzerland,2010,Curling,0,0,1,1
Kalle Kiiskinen,Finland,2006,Curling,0,1,0,1
Luzia Ebnöther,Switzerland,2002,Curling,0,1,0,1
Mirjam Ott,Switzerland,2002,Curling,0,1,0,1
Janice Rankin,Great Britain,2002,Curling,1,0,0,1
Lars Berger,Norway,2010,Cross Country Skiing,0,1,0,1
Petra Majdic,Slovenia,2010,Cross Country Skiing,0,0,1,1
Katrin Zeller,Germany,2010,Cross Country Skiing,0,1,0,1
Nataliya Baranova,Russia,2006,Cross Country Skiing,1,0,0,1
Antonella Confortola-Wyatt,Italy,2006,Cross Country Skiing,0,0,1,1
Jens Arne Svartedal,Norway,2006,Cross Country Skiing,0,1,0,1
Odd-Bjørn Hjelmeset,Norway,2002,Cross Country Skiing,0,0,1,1
Natascia Leonardi Cortesi,Switzerland,2002,Cross Country Skiing,0,0,1,1
Aleksandr Bogdanovich,Belarus,2012,Canoeing,0,1,0,1
Richard Hounslow,Great Britain,2012,Canoeing,0,1,0,1
Tate Smith,Australia,2012,Canoeing,1,0,0,1
Adam Van Koeverden,Canada,2012,Canoeing,0,1,0,1
Rob Bell,Australia,2008,Canoeing,0,0,1,1
Kim Knudsen,Denmark,2008,Canoeing,0,1,0,1
György Kozmann,Hungary,2008,Canoeing,0,0,1,1
Violetta Oblinger-Peters,Austria,2008,Canoeing,0,0,1,1
Aneta Pastuszka-Konieczna,Poland,2008,Canoeing,0,1,0,1
Antonio Scaduto,Italy,2008,Canoeing,0,0,1,1
Sergey Ulegin,Russia,2008,Canoeing,0,1,0,1
Beata Sokolowska-Kulesza,Poland,2004,Canoeing,0,0,1,1
Tetiana Teklian-Semykina,Ukraine,2004,Canoeing,0,0,1,1
Ian Wynne,Great Britain,2004,Canoeing,0,0,1,1
Anne-Lise Bardet,France,2000,Canoeing,0,0,1,1
Dariusz Bialkowski,Poland,2000,Canoeing,0,0,1,1
Anett Schuck,Germany,2000,Canoeing,1,0,0,1
Sanda Toma,Romania,2000,Canoeing,0,0,1,1
John Gall,United States,2008,Baseball,0,0,1,1
Mike Hessman,United States,2008,Baseball,0,0,1,1
Jonder Martínez,Cuba,2008,Baseball,0,1,0,1
Blaine Neal,United States,2008,Baseball,0,0,1,1
Masahide Kobayashi,Japan,2004,Baseball,0,0,1,1
Roger Machado,Cuba,2004,Baseball,1,0,0,1
Daisuke Miura,Japan,2004,Baseball,0,0,1,1
Michihiro Ogasawara,Japan,2004,Baseball,0,0,1,1
Ariel Pestano,Cuba,2004,Baseball,1,0,0,1
Carlos Tabares,Cuba,2004,Baseball,1,0,0,1
Jeong Min-Tae,South Korea,2000,Baseball,0,0,1,1
Rick Krivda,United States,2000,Baseball,1,0,0,1
Mike Neill,United States,2000,Baseball,1,0,0,1
Clemente Russo,Italy,2012,Boxing,0,1,0,1
Uranchimegiin Mönkh-Erdene,Mongolia,2012,Boxing,0,0,1,1
Bruno Julie,Mauritius,2008,Boxing,0,0,1,1
Andry Laffita,Cuba,2008,Boxing,0,1,0,1
Lorenzo Aragon,Cuba,2004,Boxing,0,1,0,1
Utkirbek Khaydarov,Uzbekistan,2004,Boxing,0,0,1,1
Oleg Saitov,Russia,2004,Boxing,0,0,1,1
Rafael Lozano,Spain,2000,Boxing,0,1,0,1
Paolo Vidoz,Italy,2000,Boxing,0,0,1,1
David Bissett,Canada,2010,Bobsleigh,0,0,1,1
Helen Upperton,Canada,2010,Bobsleigh,0,1,0,1
Cédric Grand,Switzerland,2006,Bobsleigh,0,0,1,1
Sandrine Bailly,France,2010,Biathlon,0,1,0,1
Anna Bogaly-Titovets,Russia,2010,Biathlon,1,0,0,1
Martina Glagow-Beck,Germany,2010,Biathlon,0,0,1,1
Sergey Novikov,Belarus,2010,Biathlon,0,1,0,1
Sylvie Becaert,France,2006,Biathlon,0,0,1,1
Ann Elen Skjelbreid,Norway,2002,Biathlon,0,1,0,1
Julius Brink,Germany,2012,Beach Volleyball,1,0,0,1
Larissa,Brazil,2012,Beach Volleyball,0,0,1,1
April Ross,United States,2012,Beach Volleyball,0,1,0,1
Stefan Kobel,Switzerland,2004,Beach Volleyball,0,0,1,1
José Manuel Calderón,Spain,2012,Basketball,0,1,0,1
Céline Dumerc,France,2012,Basketball,0,1,0,1
Jenni Screen,Australia,2012,Basketball,0,0,1,1
Diana Taurasi,United States,2012,Basketball,1,0,0,1
Lindsay Whalen,United States,2012,Basketball,1,0,0,1
Jorge Garbajosa,Spain,2008,Basketball,0,1,0,1
Román González,Argentina,2008,Basketball,0,0,1,1
Leonardo Gutiérrez,Argentina,2008,Basketball,0,0,1,1
Diana Gustilina,Russia,2004,Basketball,0,0,1,1
Mariya Kalmykova,Russia,2004,Basketball,0,0,1,1
Katie Smith,United States,2004,Basketball,1,0,0,1
Rubén Wolkowyski,Argentina,2004,Basketball,1,0,0,1
Gintaras Einikis,Lithuania,2000,Basketball,0,0,1,1
Yolanda Griffith,United States,2000,Basketball,1,0,0,1
Annie La Fleur,Australia,2000,Basketball,0,1,0,1
Alonzo Mourning,United States,2000,Basketball,1,0,0,1
Crawford Palmer,France,2000,Basketball,0,1,0,1
Dawn Staley,United States,2000,Basketball,1,0,0,1
Nova Widianto,Indonesia,2008,Badminton,0,1,0,1
Lee Dong-Su,South Korea,2004,Badminton,0,1,0,1
Flandy Limpele,Indonesia,2004,Badminton,0,0,1,1
Anna Chicherova,Russia,2012,Athletics,1,0,0,1
Tyson Gay,United States,2012,Athletics,0,1,0,1
Yelena Isinbayeva,Russia,2012,Athletics,0,0,1,1
Ezekiel Kemboi,Kenya,2012,Athletics,1,0,0,1
Wilson Kipsang Kiprotich,Kenya,2012,Athletics,0,0,1,1
Abel Kirui,Kenya,2012,Athletics,0,1,0,1
Thomas Longosiwa,Kenya,2012,Athletics,0,0,1,1
Tomasz Majewski,Poland,2012,Athletics,1,0,0,1
Christina Obergföll,Germany,2012,Athletics,0,1,0,1
Krisztián Pars,Hungary,2012,Athletics,1,0,0,1
Jenn Stuczynski-Suhr,United States,2012,Athletics,1,0,0,1
Kellie Wells,United States,2012,Athletics,0,0,1,1
Novlene Williams-Mills,Jamaica,2012,Athletics,0,0,1,1
Aaron Armstrong,Trinidad and Tobago,2008,Athletics,0,1,0,1
Hasna Benhassi,Morocco,2008,Athletics,0,0,1,1
Shawn Crawford,United States,2008,Athletics,0,1,0,1
Tasha Danvers,Great Britain,2008,Athletics,0,0,1,1
Kim Gevaert,Belgium,2008,Athletics,0,1,0,1
Tia Hellebaut,Belgium,2008,Athletics,1,0,0,1
Gulnara Samitova-Galkina,Russia,2008,Athletics,1,0,0,1
Yekaterina Volkova,Russia,2008,Athletics,0,0,1,1
Denys Yurchenko,Ukraine,2008,Athletics,0,0,1,1
Christine Arron,France,2004,Athletics,0,0,1,1
Yuriy Bilonoh,Ukraine,2004,Athletics,1,0,0,1
Darren Campbell,Great Britain,2004,Athletics,1,0,0,1
Chryste Gaines,United States,2000,Athletics,0,0,1,1
Kelly Holmes,Great Britain,2000,Athletics,0,0,1,1
Chris Huffins,United States,2000,Athletics,0,0,1,1
Astrid Kumbernuss,Germany,2000,Athletics,0,0,1,1
Fiona May,Italy,2000,Athletics,0,1,0,1
Erki Nool,Estonia,2000,Athletics,1,0,0,1
Sonia O'Sullivan,Ireland,2000,Athletics,0,1,0,1
Yelena Yelesina,Russia,2000,Athletics,1,0,0,1
Michael Walchhofer,Austria,2006,Alpine Skiing,0,1,0,1
Simon Fairweather,Australia,2000,Archery,1,0,0,1
Gemma Mengual,Spain,2008,Synchronized Swimming,0,2,0,2
Anna Kozlova,United States,2004,Synchronized Swimming,0,0,2,2
Jenny Thompson,United States,2004,Swimming,0,2,0,2
Derek Parra,United States,2002,Speed Skating,1,1,0,2
Lyubov Galkina,Russia,2004,Shooting,1,1,0,2
Doina Ignat,Romania,2000,Rowing,2,0,0,2
Eeke van Nes,Netherlands,2000,Rowing,0,2,0,2
Yordan Yovchev,Bulgaria,2004,Gymnastics,0,1,1,2
Diego Occhiuzzi,Italy,2012,Fencing,0,1,1,2
Isabell Werth,Germany,2000,Equestrian,1,1,0,2
Vicki Pendleton,Great Britain,2012,Cycling,1,1,0,2
Rob Hayles,Great Britain,2004,Cycling,0,1,1,2
Aino-Kaisa Saarinen,Finland,2010,Cross Country Skiing,0,0,2,2
Pietro Piller Cottrer,Italy,2006,Cross Country Skiing,1,0,1,2
Andrus Veerpalu,Estonia,2002,Cross Country Skiing,1,1,0,2
Tim Brabants,Great Britain,2008,Canoeing,1,0,1,2
Kevin Kuske,Germany,2010,Bobsleigh,1,1,0,2
Olga Zaytseva,Russia,2010,Biathlon,1,1,0,2
Florence Baverel-Robert,France,2006,Biathlon,1,0,1,2
Uschi Disl,Germany,2002,Biathlon,1,1,0,2
Ricco Groß,Germany,2002,Biathlon,0,1,1,2
Nataliya Antyukh,Russia,2012,Athletics,1,1,0,2
Deon Hemmings,Jamaica,2000,Athletics,0,2,0,2
Irina Privalova,Russia,2000,Athletics,1,0,1,2
Lasse Kjus,Norway,2002,Alpine Skiing,0,1,1,2
Carol Huynh,Canada,2012,Wrestling,0,0,1,1
Hitomi Obara,Japan,2012,Wrestling,1,0,0,1
Nazmi Avluca,Turkey,2008,Wrestling,0,0,1,1
Tonya Verbeek,Canada,2008,Wrestling,0,0,1,1
Mkhitar Manukyan,Kazakhstan,2004,Wrestling,0,0,1,1
Ak'ak'i Chachua,Georgia,2000,Wrestling,0,0,1,1
Halil Mutlu,Turkey,2004,Weightlifting,1,0,0,1
Valentina Popova,Russia,2004,Weightlifting,0,0,1,1
Akakios Kakiasvili,Greece,2000,Weightlifting,1,0,0,1
Erzsébet Márkus-Peresztegi,Hungary,2000,Weightlifting,0,1,0,1
Ronny Weller,Germany,2000,Weightlifting,0,1,0,1
Damir Buric,Croatia,2012,Waterpolo,1,0,0,1
Maurizio Felugo,Italy,2012,Waterpolo,0,1,0,1
Danijel Premuš,Italy,2012,Waterpolo,0,1,0,1
Mel Rippon,Australia,2012,Waterpolo,0,0,1,1
István Gergely,Hungary,2008,Waterpolo,1,0,0,1
Denis Šefik,Serbia,2008,Waterpolo,0,0,1,1
Adam Wright,United States,2008,Waterpolo,0,1,0,1
Melania Grego,Italy,2004,Waterpolo,1,0,0,1
Nikolay Maksimov,Russia,2004,Waterpolo,0,0,1,1
Vlada Vujasinovic,Serbia and Montenegro,2004,Waterpolo,0,1,0,1
Aleksandr Yeryshov,Russia,2004,Waterpolo,0,0,1,1
Yekaterina Anikeyeva,Russia,2000,Waterpolo,0,0,1,1
Danielle Woodhouse,Australia,2000,Waterpolo,1,0,0,1
Irek Zinnurov,Russia,2000,Waterpolo,0,1,0,1
Emanuele Birarelli,Italy,2012,Volleyball,0,0,1,1
Dante,Brazil,2012,Volleyball,0,1,0,1
Michal Lasko,Italy,2012,Volleyball,0,0,1,1
Murilo,Brazil,2012,Volleyball,0,1,0,1
Logan Tom,United States,2012,Volleyball,0,1,0,1
Carol,Brazil,2008,Volleyball,1,0,0,1
Giba,Brazil,2008,Volleyball,0,1,0,1
Stacy Sykora,United States,2008,Volleyball,0,1,0,1
Ana Ivis Fernández,Cuba,2004,Volleyball,0,0,1,1
Samuele Papi,Italy,2004,Volleyball,0,1,0,1
Marta Sánchez,Cuba,2004,Volleyball,0,0,1,1
Vladimir Batez,Serbia and Montenegro,2000,Volleyball,1,0,0,1
Ruslan Olikhver,Russia,2000,Volleyball,0,1,0,1
Timo Boll,Germany,2012,Table Tennis,0,0,1,1
Bastian Steger,Germany,2012,Table Tennis,0,0,1,1
Kim Gyeong-A,South Korea,2008,Table Tennis,0,0,1,1
O Sang-Eun,South Korea,2008,Table Tennis,0,0,1,1
Chen Jing,Chinese Taipei,2000,Table Tennis,0,0,1,1
Jean-Philippe Gatien,France,2000,Table Tennis,0,0,1,1
Bevan Docherty,New Zealand,2008,Triathlon,0,0,1,1
Michellie Jones,Australia,2000,Triathlon,0,1,0,1
Anna Dogonadze-Lilkendey,Germany,2004,Trampoline,1,0,0,1
Brigitte Yagüe,Spain,2012,Taekwondo,0,1,0,1
Pascal Gentil,France,2004,Taekwondo,0,0,1,1
Elvira Khasyanova,Russia,2012,Synchronized Swimming,1,0,0,1
Yelena Azarova,Russia,2004,Synchronized Swimming,1,0,0,1
Isabelle Charest,Canada,2002,Short-Track Speed Skating,0,0,1,1
Jenny Wolf,Germany,2010,Speed Skating,0,1,0,1
Daniela Anschütz-Thoms,Germany,2006,Speed Skating,1,0,0,1
Marianne Timmer,Netherlands,2006,Speed Skating,1,0,0,1
Catriona Le May Doan,Canada,2002,Speed Skating,1,0,0,1
Simmone Morrow,Australia,2008,Softball,0,0,1,1
Kerry Dienelt,Australia,2000,Softball,0,0,1,1
Peta Edebone,Australia,2000,Softball,0,0,1,1
Déborah Anthonioz,France,2010,Snowboarding,0,1,0,1
Maëlle Ricker,Canada,2010,Snowboarding,1,0,0,1
Sigi Grabner,Austria,2006,Snowboarding,0,0,1,1
Michael Neumayer,Germany,2010,Ski Jumping,0,1,0,1
Michael Uhrmann,Germany,2010,Ski Jumping,0,1,0,1
Lionel Cox,Belgium,2012,Shooting,0,1,0,1
Matt Emmons,United States,2012,Shooting,0,0,1,1
Suzy Balogh,Australia,2004,Shooting,1,0,0,1
Li Jie,China,2004,Shooting,0,1,0,1
Renata Mauer-Rózanska,Poland,2000,Shooting,1,0,0,1
Lobke Berkhout,Netherlands,2012,Sailing,0,0,1,1
Nick Dempsey,Great Britain,2012,Sailing,0,1,0,1
Jonas Høgh Christensen,Denmark,2012,Sailing,0,1,0,1
Allan Nørregaard,Denmark,2012,Sailing,0,0,1,1
Ben Ainslie,Great Britain,2008,Sailing,1,0,0,1
Xavier Fernández,Spain,2008,Sailing,0,1,0,1
Iker Martínez,Spain,2008,Sailing,0,1,0,1
Nick Rogers,Great Britain,2008,Sailing,0,1,0,1
Andrew Simpson,Great Britain,2008,Sailing,1,0,0,1
Sarah Webb,Great Britain,2008,Sailing,1,0,0,1
Simon Hiscocks,Great Britain,2004,Sailing,0,0,1,1
Dorte Jensen,Denmark,2004,Sailing,0,0,1,1
Rodion Luka,Ukraine,2004,Sailing,0,1,0,1
Robert Scheidt,Brazil,2004,Sailing,1,0,0,1
Aimilia Tsoulfa,Greece,2004,Sailing,1,0,0,1
Natalia Vía Dufresne,Spain,2004,Sailing,0,1,0,1
Thomas Johanson,Finland,2000,Sailing,1,0,0,1
Annemiek de Haan,Netherlands,2012,Rowing,0,0,1,1
Mirka Knapková,Czech Republic,2012,Rowing,1,0,0,1
Sizwe Ndlovu,South Africa,2012,Rowing,1,0,0,1
Alex Partridge,Great Britain,2012,Rowing,0,0,1,1
Pete Reed,Great Britain,2012,Rowing,1,0,0,1
Minna Nieminen,Finland,2008,Rowing,0,1,0,1
Liam Parsons,Canada,2008,Rowing,0,0,1,1
Simone Raineri,Italy,2008,Rowing,0,1,0,1
Sanna Stén,Finland,2008,Rowing,0,1,0,1
Nathan Twaddle,New Zealand,2008,Rowing,0,0,1,1
Bryan Volpenhein,United States,2008,Rowing,0,0,1,1
Josh West,Great Britain,2008,Rowing,0,1,0,1
Jake Wetzel,Canada,2008,Rowing,1,0,0,1
Cam Baerg,Canada,2004,Rowing,0,1,0,1
Rumyana Dzhadzharova-Neykova,Bulgaria,2004,Rowing,0,0,1,1
Thomas Ebert,Denmark,2004,Rowing,1,0,0,1
Anthony Edwards,Australia,2004,Rowing,0,1,0,1
Bo Hanson,Australia,2004,Rowing,0,0,1,1
Raffaello Leonardo,Italy,2004,Rowing,0,0,1,1
Oleh Lykov,Ukraine,2004,Rowing,0,0,1,1
Pascal Touron,France,2004,Rowing,0,1,0,1
Christine Collins,United States,2000,Rowing,0,0,1,1
Riccardo Dei Rossi,Italy,2000,Rowing,0,1,0,1
Karen Kraft,United States,2000,Rowing,0,0,1,1
Heather McDermid,Canada,2000,Rowing,0,0,1,1
Birute Šakickiene,Lithuania,2000,Rowing,0,0,1,1
Libor Capalini,Czech Republic,2004,Modern Pentathlon,0,0,1,1
Mark Grimmette,United States,2002,Luge,0,1,0,1
Silke Kraushaar,Germany,2002,Luge,0,0,1,1
Chris Thorpe,United States,2002,Luge,0,0,1,1
Miklós Ungvári,Hungary,2012,Judo,0,1,0,1
Daima Beltrán,Cuba,2004,Judo,0,1,0,1
David Douillet,France,2000,Judo,1,0,0,1
Olli Jokinen,Finland,2010,Ice Hockey,0,0,1,1
Niko Kapanen,Finland,2010,Ice Hockey,0,0,1,1
Brenden Morrow,Canada,2010,Ice Hockey,1,0,0,1
Karoliina Rantamäki,Finland,2010,Ice Hockey,0,0,1,1
Jenny Schmidgall-Potter,United States,2010,Ice Hockey,0,1,0,1
Kim St-Pierre,Canada,2010,Ice Hockey,1,0,0,1
Hayley Wickenheiser,Canada,2010,Ice Hockey,1,0,0,1
Tricia Dunn-Luoma,United States,2006,Ice Hockey,0,0,1,1
Jukka Hentunen,Finland,2006,Ice Hockey,0,1,0,1
Kenny Jönsson,Sweden,2006,Ice Hockey,1,0,0,1
Becky Kellar,Canada,2006,Ice Hockey,1,0,0,1
Saku Koivu,Finland,2006,Ice Hockey,0,1,0,1
Fredrik Modin,Sweden,2006,Ice Hockey,1,0,0,1
Sami Salo,Finland,2006,Ice Hockey,0,1,0,1
David Výborný,Czech Republic,2006,Ice Hockey,0,0,1,1
Tony Amonte,United States,2002,Ice Hockey,0,1,0,1
Bill Guerin,United States,2002,Ice Hockey,0,1,0,1
Mike Modano,United States,2002,Ice Hockey,0,1,0,1
Vicky Sunohara,Canada,2002,Ice Hockey,1,0,0,1
Doug Weight,United States,2002,Ice Hockey,0,1,0,1
Aleksey Zhamnov,Russia,2002,Ice Hockey,0,0,1,1
Marcel Balkestein,Netherlands,2012,Hockey,0,1,0,1
Kim Lammers,Netherlands,2012,Hockey,1,0,0,1
Ana Rodríguez,Argentina,2012,Hockey,0,1,0,1
Sarah Thomas,Great Britain,2012,Hockey,0,0,1,1
Sally Walton,Great Britain,2012,Hockey,0,0,1,1
Lucha Aymar,Argentina,2008,Hockey,0,0,1,1
Minke Booij,Netherlands,2008,Hockey,1,0,0,1
Bevan George,Australia,2008,Hockey,0,0,1,1
Alejandra Gulla,Argentina,2008,Hockey,0,0,1,1
Maripi Hernández,Argentina,2008,Hockey,0,0,1,1
Janneke Schopman,Netherlands,2008,Hockey,1,0,0,1
Ageeth Boomgaardt,Netherlands,2004,Hockey,0,1,0,1
Jeroen Delmeé,Netherlands,2004,Hockey,0,1,0,1